Ticker,Security,SectorID
SPX,SPX,Index
NDX,NDX,Index
SOX,SOX,Index
RTY,RUSSELL2000,Index
IXCTR,SPDR_TC,TC
IXYTR,SPDR_CD,CD
IXRTR,SPDR_CS,CS
IXETR,SPDR_EN,EN
IXMTR,SPDR_FN,FN
IXVTR,SPDR_HC,HC
IXITR,SPDR_IN,IN
IXBTR,SPDR_MT,MT
IXRETR,SPDR_RL,RL
IXUTR,SPDR_UT,UT
IXTTR,SPDR_IT,IT
MSFT,MICROSOFT CORP,IT
NVDA,NVIDIA CORP,IT
AAPL,APPLE INC,IT
AMZN,AMAZON.COM INC,CD
META,META PLATFORMS-A,TC
AVGO,BROADCOM INC,IT
GOOGL,ALPHABET INC-A,TC
TSLA,TESLA INC,CD
BRK/B,BERKSHIRE HATH-B,FN
GOOG,ALPHABET INC-C,TC
JPM,JPMORGAN CHASE,FN
LLY,ELI LILLY & CO,HC
V,VISA INC-CLASS A,FN
NFLX,NETFLIX INC,TC
XOM,EXXON MOBIL CORP,EN
MA,MASTERCARD INC-A,FN
COST,COSTCO WHOLESALE,CS
WMT,WALMART INC,CS
PG,PROCTER & GAMBLE,CS
JNJ,JOHNSON&JOHNSON,HC
HD,HOME DEPOT INC,CD
ORCL,ORACLE CORP,IT
ABBV,ABBVIE INC,HC
BAC,BANK OF AMERICA,FN
PLTR,PALANTIR TECHN-A,IT
PM,PHILIP MORRIS IN,CS
UNH,UNITEDHEALTH GRP,HC
KO,COCA-COLA CO/THE,CS
IBM,IBM,IT
CSCO,CISCO SYSTEMS,IT
GE,GENERAL ELECTRIC,IN
CRM,SALESFORCE INC,IT
WFC,WELLS FARGO & CO,FN
ABT,ABBOTT LABS,HC
CVX,CHEVRON CORP,EN
AMD,ADV MICRO DEVICE,IT
LIN,LINDE PLC,MT
INTU,INTUIT INC,IT
DIS,WALT DISNEY CO/T,TC
MCD,MCDONALDS CORP,CD
NOW,SERVICENOW INC,IT
T,AT&T INC,TC
GS,GOLDMAN SACHS GP,FN
MRK,MERCK & CO,HC
RTX,RTX CORP,IN
UBER,UBER TECHNOLOGIE,IN
ACN,ACCENTURE PLC-A,IT
ISRG,INTUITIVE SURGIC,HC
TXN,TEXAS INSTRUMENT,IT
BKNG,BOOKING HOLDINGS,CD
PEP,PEPSICO INC,CS
VZ,VERIZON COMMUNIC,TC
CAT,CATERPILLAR INC,IN
AXP,AMERICAN EXPRESS,FN
QCOM,QUALCOMM INC,IT
ADBE,ADOBE INC,IT
MS,MORGAN STANLEY,FN
SPGI,S&P GLOBAL INC,FN
BSX,BOSTON SCIENTIFC,HC
PGR,PROGRESSIVE CORP,FN
SCHW,SCHWAB (CHARLES),FN
TMO,THERMO FISHER,HC
AMGN,AMGEN INC,HC
BA,BOEING CO/THE,IN
C,CITIGROUP INC,FN
AMAT,APPLIED MATERIAL,IT
BLK,BLACKROCK INC,FN
HON,HONEYWELL INTL,IN
MU,MICRON TECH,IT
NEE,NEXTERA ENERGY,UT
GEV,GE VERNOVA INC,IN
PFE,PFIZER INC,HC
TJX,TJX COS INC,CD
COF,CAPITAL ONE FINA,FN
ETN,EATON CORP PLC,IN
GILD,GILEAD SCIENCES,HC
PANW,PALO ALTO NETWOR,IT
SYK,STRYKER CORP,HC
UNP,UNION PAC CORP,IN
CMCSA,COMCAST CORP-A,TC
DE,DEERE & CO,IN
ADP,AUTOMATIC DATA,IN
DHR,DANAHER CORP,HC
LRCX,LAM RESEARCH,IT
LOW,LOWE'S COS INC,CD
ADI,ANALOG DEVICES,IT
CRWD,CROWDSTRIKE HO-A,IT
KLAC,KLA CORP,IT
APH,AMPHENOL CORP-A,IT
COP,CONOCOPHILLIPS,EN
VRTX,VERTEX PHARM,HC
CB,CHUBB LTD,FN
MMC,MARSH & MCLENNAN,FN
MDT,MEDTRONIC PLC,HC
TMUS,T-MOBILE US INC,TC
MO,ALTRIA GROUP INC,CS
AMT,AMERICAN TOWER C,RL
BX,BLACKSTONE INC,FN
ICE,INTERCONT EXCH I,FN
SBUX,STARBUCKS CORP,CD
ANET,ARISTA NETWORKS,IT
BMY,BRISTOL-MYER SQB,HC
CME,CME GROUP INC,FN
CEG,CONSTELLATION EN,UT
FI,FISERV INC,FN
INTC,INTEL CORP,IT
LMT,LOCKHEED MARTIN,IN
PLD,PROLOGIS INC,RL
SO,SOUTHERN CO,UT
TT,TRANE TECHNOLOGI,IN
WELL,WELLTOWER INC,RL
DUK,DUKE ENERGY CORP,UT
CVS,CVS HEALTH CORP,HC
EQIX,EQUINIX INC,RL
KKR,KKR & CO INC,FN
MCK,MCKESSON CORP,HC
MDLZ,MONDELEZ INTER-A,CS
PH,PARKER HANNIFIN,IN
WM,WASTE MANAGEMENT,IN
MMM,3M CO,IN
AJG,ARTHUR J GALLAGH,FN
CDNS,CADENCE DESIGN,IT
DASH,DOORDASH INC-A,CD
ELV,ELEVANCE HEALTH,HC
CI,THE CIGNA GROUP,HC
TDG,TRANSDIGM GROUP,IN
AON,AON PLC-CLASS A,FN
CTAS,CINTAS CORP,IN
MCO,MOODY'S CORP,FN
ORLY,O'REILLY AUTOMOT,CD
SHW,SHERWIN-WILLIAMS,MT
CMG,CHIPOTLE MEXICAN,CD
COIN,COINBASE GLOBA-A,FN
CL,COLGATE-PALMOLIV,CS
EMR,EMERSON ELEC CO,IN
GD,GENERAL DYNAMICS,IN
HWM,HOWMET AEROSPACE,IN
MSI,MOTOROLA SOLUTIO,IT
NKE,NIKE INC -CL B,CD
PYPL,PAYPAL HOLDINGS,FN
PNC,PNC FINANCIAL SE,FN
RCL,ROYAL CARIBBEAN,CD
SNPS,SYNOPSYS INC,IT
UPS,UNITED PARCEL-B,IN
WMB,WILLIAMS COS INC,EN
ZTS,ZOETIS INC,HC
ADSK,AUTODESK INC,IT
BK,BANK NY MELLON,FN
ECL,ECOLAB INC,MT
EOG,EOG RESOURCES,EN
FTNT,FORTINET INC,IT
HCA,HCA HEALTHCARE I,HC
ITW,ILLINOIS TOOL WO,IN
JCI,JOHNSON CONTROLS,IN
NEM,NEWMONT CORP,MT
NOC,NORTHROP GRUMMAN,IN
USB,US BANCORP,FN
APD,AIR PRODS & CHEM,MT
APO,APOLLO GLOBAL MA,FN
AZO,AUTOZONE INC,CD
CSX,CSX CORP,IN
FCX,FREEPORT-MCMORAN,MT
HLT,HILTON WORLDWIDE,CD
MAR,MARRIOTT INTL-A,CD
ROP,ROPER TECHNOLOGI,IT
TRV,TRAVELERS COS IN,FN
VST,VISTRA CORP,UT
ABNB,AIRBNB INC-A,CD
AEP,AMERICAN ELECTRI,UT
AXON,AXON ENTERPRISE,IN
CARR,CARRIER GLOB,IN
DLR,DIGITAL REALTY,RL
KMI,KINDER MORGAN IN,EN
NSC,NORFOLK SOUTHERN,IN
NXPI,NXP SEMICONDUCTO,IT
PWR,QUANTA SERVICES,IN
TFC,TRUIST FINANCIAL,FN
AFL,AFLAC INC,FN
ALL,ALLSTATE CORP,FN
AIG,AMERICAN INTERNA,FN
AMP,AMERIPRISE FINAN,FN
BDX,BECTON DICKINSON,HC
COR,CENCORA INC,HC
CTVA,CORTEVA INC,MT
FDX,FEDEX CORP,IN
MPC,MARATHON PETROLE,EN
OKE,ONEOK INC,EN
PCAR,PACCAR INC,IN
O,REALTY INCOME,RL
REGN,REGENERON PHARM,HC
RSG,REPUBLIC SVCS,IN
SRE,SEMPRA,UT
SPG,SIMON PROPERTY,RL
TEL,TE CONNECTIVITY,IT
WDAY,WORKDAY INC-A,IT
CCI,CROWN CASTLE INC,RL
CMI,CUMMINS INC,IN
D,DOMINION ENERGY,UT
EW,EDWARDS LIFE,HC
FICO,FAIR ISAAC CORP,IT
FAST,FASTENAL CO,IN
GM,GENERAL MOTORS C,CD
KDP,KEURIG DR PEPPER,CS
KR,KROGER CO,CS
LHX,L3HARRIS TECHNOL,IN
MET,METLIFE INC,FN
MNST,MONSTER BEVERAGE,CS
MSCI,MSCI INC,FN
PAYX,PAYCHEX INC,IN
PSX,PHILLIPS 66,EN
PSA,PUBLIC STORAGE,RL
SLB,SCHLUMBERGER LTD,EN
TGT,TARGET CORP,CS
URI,UNITED RENTALS,IN
GWW,WW GRAINGER INC,IN
AME,AMETEK INC,IN
CAH,CARDINAL HEALTH,HC
CBRE,CBRE GROUP INC-A,RL
CPRT,COPART INC,IN
GLW,CORNING INC,IT
EXC,EXELON CORP,UT
FIS,FIDELITY NATIONA,FN
F,FORD MOTOR CO,CD
IDXX,IDEXX LABS,HC
KVUE,KENVUE INC,CS
KMB,KIMBERLY-CLARK,CS
PEG,PUB SERV ENTERP,UT
ROST,ROSS STORES INC,CD
TTWO,TAKE-TWO INTERAC,TC
VLO,VALERO ENERGY,EN
VRSK,VERISK ANALYTI,IN
XEL,XCEL ENERGY INC,UT
YUM,YUM! BRANDS INC,CD
ACGL,ARCH CAPITAL GRP,FN
BKR,BAKER HUGHES CO,EN
CHTR,CHARTER COMMUN-A,TC
CTSH,COGNIZANT TECH-A,IT
ED,CONS EDISON INC,UT
CSGP,COSTAR GROUP INC,RL
DELL,DELL TECHN-C,IT
DXCM,DEXCOM,HC
DHI,DR HORTON INC,CD
EBAY,EBAY INC,CD
EA,ELECTRONIC ARTS,TC
ETR,ENTERGY CORP,UT
EQT,EQT CORP,EN
HIG,HARTFORD INSURAN,FN
HES,HESS CORP,EN
IR,INGERSOLL-RAND I,IN
MCHP,MICROCHIP TECH,IT
MPWR,MONOLITHIC POWER,IT
NDAQ,NASDAQ INC,FN
OTIS,OTIS WORLDWI,IN
PRU,PRUDENTL FINL,FN
RMD,RESMED INC,HC
ROK,ROCKWELL AUTOMAT,IN
SYY,SYSCO CORP,CS
TRGP,TARGA RESOURCES,EN
VICI,VICI PROPERTIES,RL
VMC,VULCAN MATERIALS,MT
WAB,WABTEC CORP,IN
WEC,WEC ENERGY GROUP,UT
A,AGILENT TECH INC,HC
ANSS,ANSYS INC,IT
AVB,AVALONBAY COMMUN,RL
DAL,DELTA AIR LI,IN
DD,DUPONT DE NEMOUR,MT
EFX,EQUIFAX INC,IN
EXR,EXTRA SPACE STOR,RL
GRMN,GARMIN LTD,CD
IT,GARTNER INC,IT
GEHC,GE HEALTHCARE TE,HC
GIS,GENERAL MILLS IN,CS
HUM,HUMANA INC,HC
IRM,IRON MOUNTAIN,RL
KEYS,KEYSIGHT TEC,IT
MTB,M&T BANK CORP,FN
MLM,MARTIN MAR MTLS,MT
NRG,NRG ENERGY,UT
NUE,NUCOR CORP,MT
OXY,OCCIDENTAL PETE,EN
ODFL,OLD DOMINION FRT,IN
PCG,PG&E CORP,UT
STX,SEAGATE TECHNOLO,IT
STT,STATE ST CORP,FN
TSCO,TRACTOR SUPPLY,CD
VTR,VENTAS INC,RL
WTW,WILLIS TOWERS WA,FN
XYL,XYLEM INC,IN
AEE,AMEREN CORP,UT
AWK,AMERICAN WATER W,UT
ADM,ARCHER-DANIELS,CS
ATO,ATMOS ENERGY,UT
BR,BROADRIDGE FINL,IN
BRO,BROWN & BROWN,FN
CCL,CARNIVAL CORP,CD
CBOE,CBOE GLOBAL MARK,FN
CDW,CDW CORP/DE,IT
CNC,CENTENE CORP,HC
CNP,CENTERPOINT ENER,UT
CHD,CHURCH & DWIGHT,CS
STZ,CONSTELLATION-A,CS
DRI,DARDEN RESTAURAN,CD
FANG,DIAMONDBACK ENER,EN
DG,DOLLAR GENERAL C,CS
DOV,DOVER CORP,IN
DTE,DTE ENERGY CO,UT
ES,EVERSOURCE ENERG,UT
EXE,EXPAND ENERGY CO,EN
FITB,FIFTH THIRD BANC,FN
FTV,FORTIVE CORP,IN
GDDY,GODADDY INC-A,IT
HSY,HERSHEY CO/THE,CS
HPE,HEWLETT PACKA,IT
HBAN,HUNTINGTON BANC,FN
IP,INTL PAPER CO,MT
IQV,IQVIA HOLDINGS I,HC
LEN,LENNAR CORP-A,CD
LULU,LULULEMON ATH,CD
MTD,METTLER-TOLEDO,HC
PPG,PPG INDS INC,MT
PPL,PPL CORP,UT
RJF,RAYMOND JAMES,FN
SBAC,SBA COMM CORP,RL
STE,STERIS PLC,HC
SYF,SYNCHRONY FINANC,FN
TYL,TYLER TECHNOLOG,IT
UAL,UNITED AIRLINES,IN
VLTO,VERALTO CORP,IN
WBD,WARNER BROS DISC,TC
AMCR,AMCOR PLC,MT
BIIB,BIOGEN INC,HC
CINF,CINCINNATI FIN,FN
CFG,CITIZENS FINANCI,FN
CMS,CMS ENERGY CORP,UT
CPAY,CORPAY INC,FN
CTRA,COTERRA ENERGY I,EN
DVN,DEVON ENERGY CO,EN
DLTR,DOLLAR TREE INC,CS
DOW,DOW INC,MT
EIX,EDISON INTL,UT
EQR,EQUITY RESIDENTI,RL
ESS,ESSEX PROPERTY,RL
EXPE,EXPEDIA GROUP IN,CD
FE,FIRSTENERGY CORP,UT
GPN,GLOBAL PAYMENTS,FN
HPQ,HP INC,IT
HUBB,HUBBELL INC,IN
PODD,INSULET CORP,HC
IFF,INTL FLVR & FRAG,MT
INVH,INVITATION HOMES,RL
JBL,JABIL INC,IT
K,KELLANOVA,CS
KHC,KRAFT HEINZ CO/T,CS
LH,LABCORP HOLDINGS,HC
LDOS,LEIDOS HOLDINGS,IN
LII,LENNOX INTL INC,IN
LYV,LIVE NATION ENTE,TC
MKC,MCCORMICK-N/V,CS
NTAP,NETAPP INC,IT
NI,NISOURCE INC,UT
NTRS,NORTHERN TRUST,FN
NVR,NVR INC,CD
ON,ON SEMICONDUCTOR,IT
PTC,PTC INC,IT
PHM,PULTEGROUP INC,CD
DGX,QUEST DIAGNOSTIC,HC
RF,REGIONS FINANCIA,FN
SW,SMURFIT WESTROCK,MT
LUV,SOUTHWEST AIR,IN
SMCI,SUPER MICRO COMP,IT
TROW,T ROWE PRICE GRP,FN
TDY,TELEDYNE TECH,IT
TPL,TEXAS PACIFIC LA,EN
ULTA,ULTA BEAUTY INC,CD
VRSN,VERISIGN INC,IT
WAT,WATERS CORP,HC
WDC,WESTERN DIGITAL,IT
WY,WEYERHAEUSER CO,RL
WSM,WILLIAMS-SONOMA,CD
WRB,WR BERKLEY CORP,FN
ZBH,ZIMMER BIOMET HO,HC
LNT,ALLIANT ENERGY,UT
APTV,APTIV PLC,CD
AVY,AVERY DENNISON,MT
BALL,BALL CORP,MT
BAX,BAXTER INTL INC,HC
BBY,BEST BUY CO INC,CD
BLDR,BUILDERS FIRSTSO,IN
CF,CF INDUSTRIES HO,MT
CLX,CLOROX CO,CS
COO,COOPER COS INC,HC
DECK,DECKERS OUTDOOR,CD
DPZ,DOMINO'S PIZZA,CD
EL,ESTEE LAUDER,CS
EG,EVEREST GROUP LT,FN
EVRG,EVERGY INC,UT
EXPD,EXPEDITORS INTL,IN
FFIV,F5 INC,IT
FDS,FACTSET RESEARCH,FN
FSLR,FIRST SOLAR INC,IT
GEN,GEN DIGITAL INC,IT
GPC,GENUINE PARTS CO,CD
HAL,HALLIBURTON CO,EN
HOLX,HOLOGIC INC,HC
IEX,IDEX CORP,IN
JKHY,JACK HENRY,FN
J,JACOBS SOLUTIONS,IN
KEY,KEYCORP,FN
KIM,KIMCO REALTY,RL
LVS,LAS VEGAS SANDS,CD
L,LOEWS CORP,FN
LYB,LYONDELLBASELL-A,MT
MAS,MASCO CORP,IN
MAA,MID-AMERICA APAR,RL
MOH,MOLINA HEALTHCAR,HC
OMC,OMNICOM GROUP,TC
PKG,PACKAGING CORP,MT
PNR,PENTAIR PLC,IN
PFG,PRINCIPAL FINL,FN
ROL,ROLLINS INC,IN
SNA,SNAP-ON INC,IN
STLD,STEEL DYNAMICS,MT
TPR,TAPESTRY INC,CD
TER,TERADYNE INC,IT
TXT,TEXTRON INC,IN
TRMB,TRIMBLE INC,IT
TSN,TYSON FOODS-A,CS
WST,WEST PHARMACEUT,HC
ZBRA,ZEBRA TECH CORP,IT
AKAM,AKAMAI TECHNOLOG,IT
ARE,ALEXANDRIA REAL,RL
ALGN,ALIGN TECHNOLOGY,HC
ALLE,ALLEGION PLC,IN
AIZ,ASSURANT INC,FN
TECH,BIO-TECHNE CORP,HC
BG,BUNGE GLOBAL SA,CS
BXP,BXP INC,RL
CHRW,CH ROBINSON,IN
CPT,CAMDEN PROP TR,RL
KMX,CARMAX INC,CD
CAG,CONAGRA BRANDS I,CS
DAY,DAYFORCE INC,IN
EMN,EASTMAN CHEMICAL,MT
EPAM,EPAM SYSTEMS INC,IT
ERIE,ERIE INDEMNITY-A,FN
FOXA,FOX CORP - A,TC
GNRC,GENERAC HOLDINGS,IN
GL,GLOBE LIFE INC,FN
HAS,HASBRO INC,CD
DOC,HEALTHPEAK PROPE,RL
HSIC,HENRY SCHEIN INC,HC
HRL,HORMEL FOODS CRP,CS
HST,HOST HOTELS & RE,RL
JBHT,HUNT (JB) TRANS,IN
HII,HUNTINGTON INGAL,IN
INCY,INCYTE CORP,HC
IPG,INTERPUBLIC GRP,TC
SJM,JM SMUCKER CO,CS
JNPR,JUNIPER NETWORKS,IT
LKQ,LKQ CORP,CD
MKTX,MARKETAXESS,FN
MTCH,MATCH GROUP INC,TC
MRNA,MODERNA INC,HC
TAP,MOLSON COORS-B,CS
MOS,MOSAIC CO/THE,MT
NWSA,NEWS CORP-CL A,TC
NDSN,NORDSON CORP,IN
NCLH,NORWEGIAN CRUISE,CD
PAYC,PAYCOM SOFTWARE,IN
PNW,PINNACLE WEST,UT
POOL,POOL CORP,CD
RL,RALPH LAUREN COR,CD
REG,REGENCY CENTERS,RL
RVTY,REVVITY INC,HC
SWKS,SKYWORKS SOLUTIO,IT
SOLV,SOLVENTUM,HC
SWK,STANLEY BLACK &,IN
TKO,TKO GROUP HOLDIN,TC
UDR,UDR INC,RL
UHS,UNIVERSAL HLTH-B,HC
VTRS,VIATRIS INC,HC
WBA,WALGREENS BOOTS,CS
WYNN,WYNN RESORTS LTD,CD
AES,AES CORP,UT
ALB,ALBEMARLE CORP,MT
APA,APA CORP,EN
BF/B,BROWN-FORMAN -B,CS
CZR,CAESARS ENTERTAI,CD
CRL,CHARLES RIVER LA,HC
DVA,DAVITA INC,HC
ENPH,ENPHASE ENERGY,IT
FRT,FED REALTY INVS,RL
FOX,FOX CORP - B,TC
BEN,FRANKLIN RES INC,FN
IVZ,INVESCO LTD,FN
LW,LAMB WESTON,CS
MGM,MGM RESORTS INTE,CD
MHK,MOHAWK INDS,CD
NWS,NEWS CORP-CL B,TC
PARA,PARAMOUNT GLOB-B,TC
AOS,SMITH (A.O.)CORP,IN
CPB,THE CAMPBELL'S C,CS
TSM,TAIWAN SEMIC-ADR,IT
SEC,SAMSUNG ELECTRON,IT